{
    "generator-jhipster": {
        "promptValues": {
            "packageName": "com.finastra",
            "nativeLanguage": "en"
        },
        "jhipsterVersion": "5.8.1",
        "applicationType": "gateway",
        "baseName": "gateway",
        "packageName": "com.finastra",
        "packageFolder": "com/finastra",
        "serverPort": "8080",
        "authenticationType": "jwt",
        "cacheProvider": "hazelcast",
        "enableHibernateCache": true,
        "websocket": false,
        "databaseType": "sql",
        "devDatabaseType": "h2Disk",
        "prodDatabaseType": "mysql",
        "searchEngine": false,
        "messageBroker": false,
        "serviceDiscoveryType": "eureka",
        "buildTool": "maven",
        "enableSwaggerCodegen": false,
        "jwtSecretKey": "ODlhOTI3YmUyMTRiNzE3MDE4ZjBjMDNjYzc3ZGNjM2U1N2YzODBmM2NmZTg1NmUyMWRmMDcxYmY3Yjg0M2YxY2U3NDczYzBjMWM2ODY2OTFiZjgxNWJlYzI3YmM0NTlmMzA4YzVhNTcxNmI0NzdhNmFmY2M2NzY2MGFjYmIzN2U=",
        "clientFramework": "angularX",
        "useSass": true,
        "clientPackageManager": "npm",
        "testFrameworks": [],
        "jhiPrefix": "jhi",
        "entitySuffix": "",
        "dtoSuffix": "DTO",
        "otherModules": [],
        "enableTranslation": true,
        "nativeLanguage": "en",
        "languages": ["en", "hi"]
    }
}
